City_ID,City,Country,Date,Lat,Lng,Max Temp,Humidity,Cloudiness,Wind Speed,Current Description
0,Rawson,AR,2021-07-09 21:45:46,-43.3002,-65.1023,52.61,39,75,18.61,broken clouds
1,Cape Town,ZA,2021-07-09 21:42:59,-33.9258,18.4232,55.89,69,20,1.99,few clouds
2,Albany,US,2021-07-09 21:45:47,42.6001,-73.9662,79.48,86,46,5.5,scattered clouds
3,Tukrah,LY,2021-07-09 21:45:47,32.5341,20.5791,78.93,81,0,4.38,clear sky
4,Black River,JM,2021-07-09 21:45:47,18.0264,-77.8487,87.8,63,14,14.88,few clouds
5,Butaritari,KI,2021-07-09 21:45:48,3.0707,172.7902,83.41,74,100,16.24,overcast clouds
6,Puerto Suarez,BO,2021-07-09 21:45:48,-18.95,-57.8,89.96,58,0,4.61,clear sky
7,Tikapur,NP,2021-07-09 21:45:48,28.5,81.1333,80.58,81,20,5.44,few clouds
8,Narsaq,GL,2021-07-09 21:45:49,60.9167,-46.05,52.02,87,62,2.13,broken clouds
9,Te Anau,NZ,2021-07-09 21:45:49,-45.4167,167.7167,33.28,87,37,0.92,scattered clouds
10,Jamestown,US,2021-07-09 21:45:49,42.097,-79.2353,74.08,82,90,10.0,overcast clouds
11,Ribeira Grande,PT,2021-07-09 21:45:50,38.5167,-28.7,70.52,84,0,10.47,clear sky
12,Mataura,NZ,2021-07-09 21:45:50,-46.1927,168.8643,38.55,96,100,8.59,overcast clouds
13,Ushuaia,AR,2021-07-09 21:43:18,-54.8,-68.3,35.26,87,0,0.0,clear sky
14,Kapaa,US,2021-07-09 21:42:08,22.0752,-159.319,84.52,80,40,3.0,scattered clouds
15,Sabha,LY,2021-07-09 21:45:51,27.0377,14.4283,86.43,24,0,11.32,clear sky
16,Port Lincoln,AU,2021-07-09 21:45:51,-34.7333,135.8667,51.55,82,100,7.94,overcast clouds
17,Hermanus,ZA,2021-07-09 21:45:51,-34.4187,19.2345,53.91,71,17,12.48,few clouds
18,Hobart,AU,2021-07-09 21:45:52,-42.8794,147.3294,35.06,92,20,3.0,few clouds
19,Saskylakh,RU,2021-07-09 21:45:52,71.9167,114.0833,45.63,54,100,17.81,overcast clouds
20,Dikson,RU,2021-07-09 21:45:52,73.5069,80.5464,33.31,92,100,31.03,overcast clouds
21,Bonthe,SL,2021-07-09 21:45:53,7.5264,-12.505,76.53,87,30,5.3,light rain
22,Pisco,PE,2021-07-09 21:45:53,-13.7,-76.2167,68.02,77,0,9.22,clear sky
23,Tateyama,JP,2021-07-09 21:45:53,34.9833,139.8667,80.02,93,90,21.36,overcast clouds
24,Cidreira,BR,2021-07-09 21:45:53,-30.1811,-50.2056,60.57,94,0,12.93,clear sky
25,Tasiilaq,GL,2021-07-09 21:45:54,65.6145,-37.6368,46.56,93,100,10.69,moderate rain
26,Abha,SA,2021-07-09 21:43:06,18.2164,42.5053,75.45,15,0,0.0,clear sky
27,Severka,RU,2021-07-09 21:45:54,56.8688,60.3015,56.64,68,77,4.12,broken clouds
28,Punta Arenas,CL,2021-07-09 21:45:54,-53.15,-70.9167,37.51,87,0,8.05,clear sky
29,Avarua,CK,2021-07-09 21:45:55,-21.2078,-159.775,78.85,73,75,3.44,broken clouds
30,Bethel,US,2021-07-09 21:45:55,41.3712,-73.414,84.72,77,20,6.91,few clouds
31,Kodiak,US,2021-07-09 21:45:55,57.79,-152.4072,53.11,66,90,12.66,light rain
32,Qaanaaq,GL,2021-07-09 21:45:56,77.484,-69.3632,39.34,81,40,3.27,scattered clouds
33,Lulea,SE,2021-07-09 21:41:11,65.5842,22.1547,62.67,82,61,3.44,broken clouds
34,Rikitea,PF,2021-07-09 21:45:57,-23.1203,-134.9692,74.1,68,22,16.33,few clouds
35,Maragogi,BR,2021-07-09 21:45:57,-9.0122,-35.2225,74.52,86,19,7.02,few clouds
36,Port Elizabeth,ZA,2021-07-09 21:45:57,-33.918,25.5701,46.69,81,40,4.61,scattered clouds
37,San Quintin,MX,2021-07-09 21:45:58,30.4833,-115.95,75.56,63,15,11.01,few clouds
38,Lasa,IT,2021-07-09 21:45:58,46.6166,10.7002,65.28,85,27,1.43,scattered clouds
39,Ponta Do Sol,PT,2021-07-09 21:45:58,32.6667,-17.1,72.12,59,1,6.89,clear sky
40,General Roca,AR,2021-07-09 21:45:59,-39.0333,-67.5833,57.6,36,7,25.43,light rain
41,Balabac,PH,2021-07-09 21:45:59,7.9868,117.0645,80.24,79,100,1.74,overcast clouds
42,Souillac,MU,2021-07-09 21:45:59,-20.5167,57.5167,72.36,68,40,16.11,scattered clouds
43,Udachnyy,RU,2021-07-09 21:46:00,66.4167,112.4,45.7,61,78,9.26,broken clouds
44,Olafsvik,IS,2021-07-09 21:46:00,64.8945,-23.7142,52.83,93,98,13.67,overcast clouds
45,Tucurui,BR,2021-07-09 21:46:00,-3.7661,-49.6725,81.19,60,84,2.77,broken clouds
46,Varhaug,NO,2021-07-09 21:46:01,58.6147,5.6457,58.48,93,20,8.55,few clouds
47,Pitimbu,BR,2021-07-09 21:46:01,-7.4706,-34.8086,77.59,81,51,9.6,broken clouds
48,Cabo San Lucas,MX,2021-07-09 21:42:31,22.8909,-109.9124,95.81,71,75,10.63,broken clouds
49,Victoria,HK,2021-07-09 21:45:12,22.2855,114.1577,85.32,85,89,1.01,overcast clouds
50,Gazli,UZ,2021-07-09 21:46:02,40.1333,63.45,80.89,17,0,7.4,clear sky
51,Caravelas,BR,2021-07-09 21:46:02,-17.7125,-39.2481,70.05,74,6,6.33,clear sky
52,Mananjary,MG,2021-07-09 21:46:02,-21.2167,48.3333,69.33,86,69,3.8,light rain
53,Dois Corregos,BR,2021-07-09 21:46:03,-22.3661,-48.3803,72.75,41,0,4.34,clear sky
54,Atuona,PF,2021-07-09 21:46:03,-9.8,-139.0333,77.72,75,54,20.58,broken clouds
55,Bredasdorp,ZA,2021-07-09 21:46:03,-34.5322,20.0403,50.29,76,0,6.91,clear sky
56,Auchel,FR,2021-07-09 21:46:04,50.5034,2.4735,62.01,92,68,3.94,broken clouds
57,Banda Aceh,ID,2021-07-09 21:43:14,5.5577,95.3222,78.37,86,99,13.94,overcast clouds
58,Saldanha,ZA,2021-07-09 21:43:58,-33.0117,17.9442,51.85,67,99,5.1,overcast clouds
59,Burnie,AU,2021-07-09 21:46:04,-41.0667,145.9167,41.92,77,31,4.14,scattered clouds
60,Taoudenni,ML,2021-07-09 21:46:05,22.6783,-3.9836,97.88,32,100,20.04,overcast clouds
61,Kaitangata,NZ,2021-07-09 21:46:05,-46.2817,169.8464,41.94,67,72,15.82,broken clouds
62,Busselton,AU,2021-07-09 21:46:05,-33.65,115.3333,43.05,76,54,7.49,broken clouds
63,Zenzeli,RU,2021-07-09 21:46:06,45.9241,47.0474,79.29,25,36,5.57,scattered clouds
64,Longyearbyen,SJ,2021-07-09 21:46:06,78.2186,15.6401,42.64,75,75,13.8,broken clouds
65,Tonami,JP,2021-07-09 21:46:06,37.0013,137.7272,77.77,92,93,4.43,overcast clouds
66,Coihaique,CL,2021-07-09 21:46:06,-45.5752,-72.0662,38.01,93,90,9.22,light rain
67,Santo Tomas,PH,2021-07-09 21:46:07,14.1079,121.1414,80.85,91,54,4.25,broken clouds
68,Hilo,US,2021-07-09 21:46:07,19.7297,-155.09,81.81,66,75,6.91,broken clouds
69,Chokurdakh,RU,2021-07-09 21:46:07,70.6333,147.9167,42.93,92,100,15.17,moderate rain
70,Puerto Ayora,EC,2021-07-09 21:45:28,-0.7393,-90.3518,78.76,88,73,7.0,broken clouds
71,Arraial Do Cabo,BR,2021-07-09 21:42:35,-22.9661,-42.0278,69.76,88,20,5.75,few clouds
72,Evensk,RU,2021-07-09 21:46:08,61.95,159.2333,48.67,93,100,8.7,overcast clouds
73,Berezovyy,RU,2021-07-09 21:46:08,51.6667,135.7,71.33,81,50,1.19,scattered clouds
74,Cabedelo,BR,2021-07-09 21:46:09,-6.9811,-34.8339,77.67,80,38,11.1,scattered clouds
75,Ancud,CL,2021-07-09 21:46:09,-41.8697,-73.8203,46.22,71,16,18.25,light rain
76,Bambous Virieux,MU,2021-07-09 21:46:09,-20.3428,57.7575,72.21,68,40,16.11,scattered clouds
77,Barrow,US,2021-07-09 21:46:10,71.2906,-156.7887,35.62,87,90,9.22,overcast clouds
78,Coquimbo,CL,2021-07-09 21:46:10,-29.9533,-71.3436,58.73,67,0,10.36,clear sky
79,Hongjiang,CN,2021-07-09 21:46:10,27.11,109.9956,76.12,87,88,4.7,overcast clouds
80,Luba,GQ,2021-07-09 21:46:11,3.4568,8.5547,76.89,85,91,6.08,overcast clouds
81,Pyapon,MM,2021-07-09 21:46:11,16.2833,95.6833,77.5,91,91,3.87,overcast clouds
82,Kholm,RU,2021-07-09 21:46:11,59.2667,32.85,67.3,96,22,3.98,few clouds
83,Touros,BR,2021-07-09 21:46:12,-5.1989,-35.4608,79.7,78,17,12.5,few clouds
84,Tawang,IN,2021-07-09 21:46:12,27.5833,91.8667,56.44,93,100,2.15,overcast clouds
85,Cognac,FR,2021-07-09 21:46:12,45.5,-0.25,62.2,77,0,0.0,clear sky
86,Porto Novo,BJ,2021-07-09 21:46:13,6.4965,2.6036,78.62,84,100,8.1,overcast clouds
87,Poum,NC,2021-07-09 21:46:13,-20.2333,164.0167,72.48,72,44,12.19,scattered clouds
88,Bluff,NZ,2021-07-09 21:46:13,-46.6,168.3333,45.77,70,99,26.42,overcast clouds
89,Bereda,ES,2021-07-09 21:46:14,43.2686,-7.5406,56.95,96,0,1.61,clear sky
90,Vaini,TO,2021-07-09 21:46:14,-21.2,-175.2,71.76,64,75,6.91,broken clouds
91,Port Alfred,ZA,2021-07-09 21:46:14,-33.5906,26.891,54.84,66,2,6.26,clear sky
92,Hokitika,NZ,2021-07-09 21:46:15,-42.7167,170.9667,47.21,76,100,1.01,overcast clouds
93,Mildura,AU,2021-07-09 21:46:15,-34.2,142.15,31.96,100,0,3.44,clear sky
94,Mahanoro,MG,2021-07-09 21:46:15,-19.9,48.8,69.67,86,94,5.61,light rain
95,Canutama,BR,2021-07-09 21:46:15,-6.5339,-64.3831,82.72,57,76,0.81,broken clouds
96,Batsfjord,NO,2021-07-09 21:46:16,70.6345,29.7185,55.33,82,75,9.22,broken clouds
97,Aklavik,CA,2021-07-09 21:46:16,68.2191,-135.0107,68.72,52,75,9.22,shower rain
98,Pevek,RU,2021-07-09 21:46:17,69.7008,170.3133,51.46,65,69,23.26,broken clouds
99,Upernavik,GL,2021-07-09 21:46:17,72.7868,-56.1549,38.23,75,58,8.68,broken clouds
100,Caucaia,BR,2021-07-09 21:46:17,-3.7361,-38.6531,80.55,76,40,13.8,scattered clouds
101,Thompson,CA,2021-07-09 21:46:18,55.7435,-97.8558,89.76,31,75,14.97,broken clouds
102,Lata,PT,2021-07-09 21:46:18,40.1629,-8.3327,62.35,81,0,1.66,clear sky
103,Margate,GB,2021-07-09 21:46:18,51.3813,1.3862,62.69,81,100,1.01,overcast clouds
104,Sabang,ID,2021-07-09 21:46:19,5.8933,95.3214,81.32,80,100,23.09,overcast clouds
105,Mongu,ZM,2021-07-09 21:46:19,-15.2484,23.1274,53.64,38,0,5.55,clear sky
106,Komsomolskiy,UZ,2021-07-09 21:46:19,40.4272,71.7189,84.92,32,62,4.61,broken clouds
107,Bowen,AU,2021-07-09 21:46:20,-20.0167,148.2333,55.62,52,0,7.99,clear sky
108,East London,ZA,2021-07-09 21:46:20,-33.0153,27.9116,57.06,55,2,7.54,clear sky
109,Port Blair,IN,2021-07-09 21:46:20,11.6667,92.75,78.21,89,100,17.81,overcast clouds
110,Nanortalik,GL,2021-07-09 21:46:21,60.1432,-45.2371,42.84,91,65,7.4,broken clouds
111,Beloha,MG,2021-07-09 21:46:21,-25.1667,45.05,65.37,74,0,6.51,clear sky
112,Xingcheng,CN,2021-07-09 21:46:21,40.6167,120.7167,72.16,89,2,2.75,clear sky
113,Berlevag,NO,2021-07-09 21:46:22,70.8578,29.0864,55.4,82,75,11.5,broken clouds
114,Lac-Megantic,CA,2021-07-09 21:46:22,45.5834,-70.8823,69.21,98,100,5.06,overcast clouds
115,Nara,JP,2021-07-09 21:43:12,34.6851,135.8049,78.26,94,86,3.24,overcast clouds
116,Los Llanos De Aridane,ES,2021-07-09 21:46:22,28.6585,-17.9182,67.75,89,0,18.41,clear sky
117,Lampa,CL,2021-07-09 21:46:23,-33.2833,-70.9,57.16,62,75,9.22,broken clouds
118,Ovre Ardal,NO,2021-07-09 21:46:23,61.3167,7.8,58.55,74,67,4.18,broken clouds
119,Saint-Pierre,RE,2021-07-09 21:46:24,-21.3393,55.4781,71.28,69,0,13.8,clear sky
120,Palmer,US,2021-07-09 21:46:24,42.1584,-72.3287,83.26,68,40,1.01,scattered clouds
121,Broome,US,2021-07-09 21:46:24,42.2506,-75.833,74.46,86,90,1.99,overcast clouds
122,Lodeynoye Pole,RU,2021-07-09 21:46:24,60.726,33.5531,63.59,69,5,1.41,clear sky
123,Tautira,PF,2021-07-09 21:46:25,-17.7333,-149.15,84.22,75,30,16.75,scattered clouds
124,Bambanglipuro,ID,2021-07-09 21:46:25,-7.95,110.2833,58.6,93,86,4.36,overcast clouds
125,Castro,BR,2021-07-09 21:46:25,-24.7911,-50.0119,50.58,88,0,3.56,clear sky
126,Tuktoyaktuk,CA,2021-07-09 21:46:26,69.4541,-133.0374,66.2,48,75,4.61,broken clouds
127,Yellowknife,CA,2021-07-09 21:46:26,62.456,-114.3525,80.29,46,75,1.01,broken clouds
128,Yegorlykskaya,RU,2021-07-09 21:46:27,46.5656,40.6562,71.11,76,52,10.13,broken clouds
129,Hirara,JP,2021-07-09 21:46:27,24.8,125.2833,80.87,89,40,4.61,scattered clouds
130,Bengkulu,ID,2021-07-09 21:46:27,-3.8004,102.2655,74.3,90,90,4.12,light rain
131,Moerai,PF,2021-07-09 21:46:27,-22.4333,-151.3333,76.8,79,0,7.99,clear sky
132,Eyl,SO,2021-07-09 21:46:28,7.9803,49.8164,78.39,69,54,27.56,broken clouds
133,Ahipara,NZ,2021-07-09 21:46:28,-35.1667,173.1667,56.84,65,99,7.2,overcast clouds
134,Virginia Beach,US,2021-07-09 21:41:43,36.8529,-75.978,93.02,68,75,6.91,thunderstorm
135,Lumphat,KH,2021-07-09 21:46:29,13.4878,106.9816,72.12,98,96,2.33,overcast clouds
136,Lewistown,US,2021-07-09 21:46:29,40.5992,-77.5714,83.35,88,40,0.0,scattered clouds
137,Chuy,UY,2021-07-09 21:46:29,-33.6971,-53.4616,57.6,96,3,6.69,clear sky
138,New Norfolk,AU,2021-07-09 21:46:30,-42.7826,147.0587,34.72,89,30,2.37,scattered clouds
139,Banff,CA,2021-07-09 21:45:11,51.1762,-115.5698,85.53,16,69,4.61,broken clouds
140,Bonavista,CA,2021-07-09 21:46:30,48.6499,-53.1147,59.11,72,65,16.53,broken clouds
141,Constitucion,CL,2021-07-09 21:41:45,-35.3333,-72.4167,52.47,85,9,5.95,clear sky
142,Sao Joao Da Barra,BR,2021-07-09 21:44:25,-21.6403,-41.0511,73.49,87,2,11.16,clear sky
143,San Patricio,US,2021-07-09 21:46:31,28.017,-97.5169,90.01,73,92,11.45,overcast clouds
144,Carnarvon,AU,2021-07-09 21:46:31,-24.8667,113.6333,59.07,76,90,11.5,overcast clouds
145,Maniitsoq,GL,2021-07-09 21:46:31,65.4167,-52.9,45.88,68,46,3.02,scattered clouds
146,Kichera,RU,2021-07-09 21:46:32,55.9375,110.0997,55.24,72,58,1.25,broken clouds
147,Luderitz,NA,2021-07-09 21:46:32,-26.6481,15.1594,54.1,72,0,14.0,clear sky
148,Kavieng,PG,2021-07-09 21:46:32,-2.5744,150.7967,82.58,75,64,11.1,broken clouds
149,Pachino,IT,2021-07-09 21:46:33,36.7186,15.0907,85.6,81,0,4.99,clear sky
150,Geraldton,AU,2021-07-09 21:46:33,-28.7667,114.6,59.41,67,75,12.66,broken clouds
151,Byron Bay,AU,2021-07-09 21:46:34,-28.65,153.6167,57.7,66,1,15.23,clear sky
152,Osakarovka,KZ,2021-07-09 21:46:34,50.565,72.5692,58.01,74,85,18.19,overcast clouds
153,Tiksi,RU,2021-07-09 21:46:34,71.6872,128.8694,42.48,61,12,11.61,few clouds
154,Pangnirtung,CA,2021-07-09 21:46:35,66.1451,-65.7125,44.6,76,90,19.57,overcast clouds
155,Uchana,IN,2021-07-09 21:46:35,29.4667,76.1667,91.87,44,17,8.68,few clouds
156,Flin Flon,CA,2021-07-09 21:45:11,54.7682,-101.865,91.24,31,40,10.36,scattered clouds
157,Bogorodskoye,RU,2021-07-09 21:46:35,56.55,37.8833,72.46,64,84,5.37,broken clouds
158,Khatanga,RU,2021-07-09 21:46:36,71.9667,102.5,48.18,84,100,20.13,moderate rain
159,Boa Vista,BR,2021-07-09 21:46:36,2.8197,-60.6733,84.18,65,40,4.61,scattered clouds
160,Mao,ES,2021-07-09 21:43:29,39.8885,4.2658,72.16,68,0,2.3,clear sky
161,Cuiluan,CN,2021-07-09 21:46:37,47.72,128.648,67.41,94,85,1.81,overcast clouds
162,Buchanan,LR,2021-07-09 21:46:37,5.8808,-10.0467,78.76,88,70,7.43,light rain
163,Najran,SA,2021-07-09 21:46:37,17.4924,44.1277,88.45,15,100,4.36,overcast clouds
164,Hanumangarh,IN,2021-07-09 21:46:38,29.5833,74.3167,97.7,37,10,7.96,clear sky
165,Tadine,NC,2021-07-09 21:46:38,-21.55,167.8833,71.94,62,58,6.08,broken clouds
166,Codrington,AU,2021-07-09 21:46:38,-38.2667,141.9667,38.64,86,0,5.48,clear sky
167,Manitouwadge,CA,2021-07-09 21:46:39,49.1215,-85.8403,62.38,37,50,12.41,scattered clouds
168,Kanungu,UG,2021-07-09 21:46:39,-0.9575,29.7897,60.93,87,89,3.27,overcast clouds
169,Mayo,US,2021-07-09 21:46:39,38.8876,-76.5119,87.78,89,90,1.99,mist
170,Lebu,CL,2021-07-09 21:46:39,-37.6167,-73.65,49.78,72,24,9.24,few clouds
171,Meridian,US,2021-07-09 21:41:43,43.6121,-116.3915,94.15,11,1,1.99,clear sky
172,Hithadhoo,MV,2021-07-09 21:46:40,-0.6,73.0833,82.22,76,100,15.7,overcast clouds
173,Taltal,CL,2021-07-09 21:46:40,-25.4,-70.4833,60.39,82,39,1.81,scattered clouds
174,Dum Duma,IN,2021-07-09 21:46:40,27.5667,95.5667,76.51,97,100,2.42,overcast clouds
175,Kailua,US,2021-07-09 21:46:41,21.4022,-157.7394,84.18,67,35,10.11,scattered clouds
176,Little Current,CA,2021-07-09 21:43:03,45.9793,-81.9248,73.49,59,67,5.82,broken clouds
177,Nouakchott,MR,2021-07-09 21:46:41,18.0858,-15.9785,75.13,77,8,14.52,clear sky
178,Georgetown,MY,2021-07-09 21:42:47,5.4112,100.3354,76.98,90,40,0.0,scattered clouds
179,Makakilo City,US,2021-07-09 21:46:42,21.3469,-158.0858,82.72,53,1,17.27,clear sky
180,Rio Gallegos,AR,2021-07-09 21:46:42,-51.6226,-69.2181,35.65,87,0,9.22,light rain
181,Vestmannaeyjar,IS,2021-07-09 21:46:43,63.4427,-20.2734,52.79,93,90,17.27,overcast clouds
182,Turinskaya Sloboda,RU,2021-07-09 21:46:43,57.6232,64.3858,64.45,69,64,6.13,broken clouds
183,Kaspiysk,RU,2021-07-09 21:46:43,42.8816,47.6392,73.58,46,100,15.99,overcast clouds
184,Nanakuli,US,2021-07-09 21:46:44,21.3906,-158.1547,84.15,52,1,17.27,clear sky
185,Mar Del Plata,AR,2021-07-09 21:44:45,-38.0023,-57.5575,63.0,88,0,6.91,clear sky
186,Severouralsk,RU,2021-07-09 21:46:44,60.1533,59.952,62.4,96,95,3.13,overcast clouds
187,Isangel,VU,2021-07-09 21:46:44,-19.55,169.2667,75.31,73,20,5.75,few clouds
188,Oranjemund,NA,2021-07-09 21:46:45,-28.55,16.4333,53.42,79,0,10.74,clear sky
189,Sioux Lookout,CA,2021-07-09 21:46:45,50.1001,-91.917,77.38,36,40,4.61,scattered clouds
190,Sidhauli,IN,2021-07-09 21:46:45,27.2833,80.8333,82.29,68,42,7.58,scattered clouds
191,Karratha,AU,2021-07-09 21:46:46,-20.7377,116.8463,63.57,56,2,8.5,clear sky
192,Mae Sai,TH,2021-07-09 21:46:46,20.4335,99.8762,72.72,99,16,1.07,few clouds
193,Lagoa,PT,2021-07-09 21:46:47,39.05,-27.9833,69.26,85,0,13.04,clear sky
194,Hofn,IS,2021-07-09 21:46:47,64.2539,-15.2082,52.5,90,53,14.09,broken clouds
195,Adeje,ES,2021-07-09 21:46:47,28.1227,-16.726,69.1,74,20,5.01,few clouds
196,Svetlogorsk,BY,2021-07-09 21:46:48,52.6333,29.7333,64.96,70,0,5.37,clear sky
197,Vardo,NO,2021-07-09 21:46:48,70.3705,31.1107,55.15,88,85,9.98,overcast clouds
198,Namibe,AO,2021-07-09 21:46:48,-15.1961,12.1522,65.75,85,20,3.98,few clouds
199,Belyy Yar,RU,2021-07-09 21:46:48,53.6039,91.3903,53.49,87,0,2.24,clear sky
200,Iquitos,PE,2021-07-09 21:46:49,-3.7481,-73.2472,75.24,88,75,2.3,broken clouds
201,Cockburn Town,TC,2021-07-09 21:46:30,21.4612,-71.1419,80.51,85,9,18.25,clear sky
202,Carutapera,BR,2021-07-09 21:46:49,-1.195,-46.02,76.75,85,55,7.65,broken clouds
203,Salvador,SV,2021-07-09 21:46:50,13.8333,-88.9167,87.84,61,99,2.17,overcast clouds
204,Cherskiy,RU,2021-07-09 21:46:50,68.75,161.3,84.92,33,32,18.59,scattered clouds
205,Grand-Santi,GF,2021-07-09 21:46:50,4.25,-54.3833,74.68,96,68,3.15,light rain
206,Shimoda,JP,2021-07-09 21:46:51,34.6667,138.95,82.11,92,100,17.29,overcast clouds
207,Troy,US,2021-07-09 21:42:19,42.6056,-83.1499,78.51,51,1,3.0,clear sky
208,Waw,SS,2021-07-09 21:46:51,7.7029,27.9953,73.18,73,11,2.24,few clouds
209,Salinopolis,BR,2021-07-09 21:46:51,-0.6136,-47.3561,78.44,83,54,11.21,broken clouds
210,Saint-Philippe,RE,2021-07-09 21:46:52,-21.3585,55.7679,71.19,80,67,16.69,broken clouds
211,Hualmay,PE,2021-07-09 21:46:52,-11.0964,-77.6139,65.68,76,6,12.08,clear sky
212,Auki,SB,2021-07-09 21:46:52,-8.7676,160.7034,81.16,77,14,5.46,few clouds
213,Lamu,KE,2021-07-09 21:46:53,-2.2717,40.902,75.42,84,65,15.66,broken clouds
214,Thunder Bay,CA,2021-07-09 21:46:37,48.4001,-89.3168,80.51,30,75,12.66,broken clouds
215,Nelson Bay,AU,2021-07-09 21:46:53,-32.7167,152.15,55.99,90,100,4.0,moderate rain
216,Vila Franca Do Campo,PT,2021-07-09 21:46:53,37.7167,-25.4333,72.01,89,46,6.93,scattered clouds
217,Mayya,RU,2021-07-09 21:46:54,61.7333,130.2811,61.92,85,99,8.59,overcast clouds
218,Northam,GB,2021-07-09 21:46:54,51.0333,-4.2167,58.66,92,100,6.78,overcast clouds
219,Clyde River,CA,2021-07-09 21:46:54,70.4692,-68.5914,35.83,93,75,13.8,broken clouds
220,Talnakh,RU,2021-07-09 21:46:55,69.4865,88.3972,52.97,84,100,19.19,moderate rain
221,Nouadhibou,MR,2021-07-09 21:46:55,20.931,-17.0347,67.98,83,0,25.32,sand
222,Khovu-Aksy,RU,2021-07-09 21:46:55,51.1333,93.6,53.42,72,91,1.52,heavy intensity rain
223,Saquisili,EC,2021-07-09 21:46:56,-0.8333,-78.6667,57.15,77,75,18.41,light rain
224,Alice Springs,AU,2021-07-09 21:42:44,-23.7,133.8833,42.35,61,61,5.75,broken clouds
225,Esperance,AU,2021-07-09 21:46:56,-33.8667,121.9,51.64,81,98,19.75,overcast clouds
226,Pedasi,PA,2021-07-09 21:46:57,7.5333,-80.0333,78.62,84,100,11.95,overcast clouds
227,Provideniya,RU,2021-07-09 21:46:57,64.3833,-173.3,51.48,68,97,4.54,overcast clouds
228,New London,US,2021-07-09 21:42:12,41.4834,-72.0662,83.75,74,20,3.0,few clouds
229,Kamenka,RU,2021-07-09 21:46:57,51.3223,42.7678,66.49,75,0,7.14,clear sky
230,Avera,US,2021-07-09 21:46:58,33.194,-82.5271,90.28,60,74,8.93,broken clouds
231,Petropavlovsk-Kamchatskiy,RU,2021-07-09 21:42:36,53.0452,158.6483,59.59,77,20,8.95,few clouds
232,Teknaf,BD,2021-07-09 21:46:58,20.8624,92.3058,78.87,93,99,7.05,moderate rain
233,Padang,ID,2021-07-09 21:46:58,-0.9492,100.3543,75.25,89,98,4.63,light rain
234,Deputatskiy,RU,2021-07-09 21:46:59,69.3,139.9,38.57,91,100,7.9,light rain
235,Qinhuangdao,CN,2021-07-09 21:46:59,39.9317,119.5883,73.69,85,2,1.5,clear sky
236,Atar,MR,2021-07-09 21:46:59,20.5169,-13.0499,91.08,16,0,10.02,clear sky
237,Kiunga,PG,2021-07-09 21:47:00,-6.1219,141.2906,73.96,99,96,1.81,overcast clouds
238,Kupino,RU,2021-07-09 21:47:00,54.3663,77.2981,59.29,87,57,5.46,broken clouds
239,Port-Cartier,CA,2021-07-09 21:47:00,50.0334,-66.8654,55.92,86,100,3.42,overcast clouds
240,Meulaboh,ID,2021-07-09 21:47:01,4.1363,96.1285,75.92,92,100,7.18,overcast clouds
241,Kampong Cham,KH,2021-07-09 21:47:01,11.9934,105.4635,75.72,92,100,8.43,overcast clouds
242,Payo,ID,2021-07-09 21:47:01,-3.7508,103.6372,72.0,94,71,1.72,broken clouds
243,Northport,US,2021-07-09 21:47:02,33.229,-87.5772,88.9,70,82,1.99,broken clouds
244,Knysna,ZA,2021-07-09 21:47:02,-34.0363,23.0471,43.18,64,0,3.65,clear sky
245,Olga,RU,2021-07-09 21:47:03,43.7444,135.2892,65.39,87,100,1.54,overcast clouds
246,Algiers,DZ,2021-07-09 21:44:00,36.7525,3.042,75.02,78,40,8.05,scattered clouds
247,Aden,YE,2021-07-09 21:47:03,12.7794,45.0367,87.01,75,92,10.49,overcast clouds
248,Norwich,GB,2021-07-09 21:47:03,52.6278,1.2983,64.47,95,75,3.44,light intensity drizzle
249,Kahului,US,2021-07-09 21:47:04,20.8947,-156.47,87.82,63,20,19.57,few clouds
250,Shiyan,CN,2021-07-09 21:47:04,32.6475,110.7781,77.2,89,100,1.74,light rain
251,Beringovskiy,RU,2021-07-09 21:47:04,63.05,179.3167,42.42,88,80,4.65,broken clouds
252,Ballina,AU,2021-07-09 21:47:05,-28.8667,153.5667,57.78,71,0,13.8,clear sky
253,Posadas,AR,2021-07-09 21:47:05,-27.3671,-55.8961,71.58,60,0,4.61,clear sky
254,Kawalu,ID,2021-07-09 21:47:06,-7.3817,108.2082,71.11,97,75,1.59,broken clouds
255,Zavyalovo,RU,2021-07-09 21:47:06,54.5053,82.4484,56.25,92,32,3.27,scattered clouds
256,Kaina,NG,2021-07-09 21:47:06,12.6374,8.5873,85.84,50,43,2.62,light rain
257,Lethem,GY,2021-07-09 21:47:07,3.3803,-59.7968,79.34,83,73,6.22,broken clouds
258,Khasan,RU,2021-07-09 21:47:07,42.4308,130.6434,65.37,96,100,3.13,overcast clouds
259,Taos,US,2021-07-09 21:47:07,36.4072,-105.5731,88.2,26,1,1.99,clear sky
260,Norman Wells,CA,2021-07-09 21:47:08,65.282,-126.8329,69.84,52,40,17.27,shower rain
261,Saint-Francois,FR,2021-07-09 21:47:08,46.4154,3.9054,62.19,86,0,1.14,clear sky
262,Itoman,JP,2021-07-09 21:47:09,26.1247,127.6694,82.42,89,20,5.75,few clouds
263,Cururupu,BR,2021-07-09 21:47:09,-1.8283,-44.8683,74.62,94,80,3.13,broken clouds
264,Aswan,EG,2021-07-09 21:47:09,24.0934,32.907,90.68,22,0,9.55,clear sky
265,Wanning,CN,2021-07-09 21:47:09,18.8003,110.3967,78.08,89,44,3.36,scattered clouds
266,Lompoc,US,2021-07-09 21:47:10,34.6391,-120.4579,92.1,52,1,16.11,clear sky
267,Inhambane,MZ,2021-07-09 21:47:10,-23.865,35.3833,66.27,78,0,2.1,clear sky
268,Turukhansk,RU,2021-07-09 21:47:11,65.8167,87.9833,50.23,70,64,13.98,broken clouds
269,Laguna,US,2021-07-09 21:47:11,38.421,-121.4238,113.43,19,1,4.0,clear sky
270,Bilibino,RU,2021-07-09 21:47:11,68.0546,166.4372,77.67,54,12,7.52,few clouds
271,Viedma,AR,2021-07-09 21:47:12,-40.8135,-62.9967,61.99,28,57,24.11,broken clouds
272,San Cristobal,VE,2021-07-09 21:47:12,7.7669,-72.225,75.38,77,99,3.76,overcast clouds
273,Bhag,PK,2021-07-09 21:47:13,29.0415,67.8239,99.48,30,1,4.61,clear sky
274,Shingu,JP,2021-07-09 21:47:13,33.7333,135.9833,81.91,82,80,5.5,broken clouds
275,Huaiyuan,CN,2021-07-09 21:47:13,32.973,117.1995,78.82,90,0,5.28,light rain
276,Hami,CN,2021-07-09 21:47:13,42.8,93.45,70.11,73,100,17.16,moderate rain
277,Saint-Denis,FR,2021-07-09 21:47:14,48.9167,2.3333,66.22,76,0,2.3,clear sky
278,Kavaratti,IN,2021-07-09 21:47:14,10.5669,72.642,80.91,78,100,28.88,very heavy rain
279,Flinders,AU,2021-07-09 21:47:14,-34.5833,150.8552,54.21,90,100,11.01,light rain
280,Berdigestyakh,RU,2021-07-09 21:47:15,62.0989,126.6992,54.36,97,100,5.5,light rain
281,Ballyshannon,IE,2021-07-09 21:47:15,54.5,-8.1833,61.61,90,97,4.05,overcast clouds
282,Gaoual,GN,2021-07-09 21:47:15,11.75,-13.2,76.37,92,84,5.01,light rain
283,Farsund,NO,2021-07-09 21:47:16,58.0948,6.8047,60.94,87,59,9.8,broken clouds
284,Mandalgovi,MN,2021-07-09 21:47:16,45.7625,106.2708,58.17,70,99,12.5,overcast clouds
285,Kapoeta,SS,2021-07-09 21:47:16,4.7717,33.5903,75.24,62,58,2.04,broken clouds
286,Plettenberg Bay,ZA,2021-07-09 21:47:17,-34.0527,23.3716,52.03,62,0,3.56,clear sky
287,Collie,AU,2021-07-09 21:47:17,-33.3667,116.15,42.21,96,46,2.98,scattered clouds
288,Tuatapere,NZ,2021-07-09 21:47:17,-46.1333,167.6833,40.91,84,99,10.76,overcast clouds
289,Lakselv,NO,2021-07-09 21:47:17,70.0513,24.9718,60.62,67,90,9.22,overcast clouds
290,Mastic Beach,US,2021-07-09 21:47:18,40.7668,-72.8521,84.4,77,40,5.01,scattered clouds
291,Masty,BY,2021-07-09 21:47:18,53.4122,24.5387,67.69,79,0,7.9,clear sky
292,Kruisfontein,ZA,2021-07-09 21:47:19,-34.0033,24.7314,45.37,75,1,5.46,clear sky
293,Tessalit,ML,2021-07-09 21:47:19,20.1986,1.0114,89.13,35,99,5.32,overcast clouds
294,Burdur,TR,2021-07-09 21:47:19,37.7203,30.2908,75.72,56,20,10.36,few clouds
295,Narasannapeta,IN,2021-07-09 21:47:20,18.4167,84.05,82.15,80,100,4.52,overcast clouds
296,Ferrol,ES,2021-07-09 21:47:20,43.4832,-8.2369,62.85,87,4,2.71,clear sky
297,Duverge,DO,2021-07-09 21:47:20,18.3784,-71.5247,87.85,53,5,10.45,clear sky
298,Sitka,US,2021-07-09 21:44:21,57.0531,-135.33,55.29,76,75,0.0,broken clouds
299,Yabelo,ET,2021-07-09 21:47:21,4.8833,38.0833,61.3,65,98,10.31,overcast clouds
300,Kralendijk,BQ,2021-07-09 21:47:21,12.15,-68.2667,84.18,74,75,20.71,broken clouds
301,Baturaja,ID,2021-07-09 21:47:21,-4.1333,104.1667,72.14,98,85,2.55,overcast clouds
302,Leningradskiy,RU,2021-07-09 21:47:22,69.3833,178.4167,49.42,73,100,12.08,overcast clouds
303,Dimitrovgrad,RU,2021-07-09 21:47:22,54.2139,49.6184,77.05,71,1,5.01,clear sky
304,Krasnoselkup,RU,2021-07-09 21:47:22,65.7,82.4667,57.4,56,98,21.27,overcast clouds
305,Miranda De Ebro,ES,2021-07-09 21:47:22,42.6865,-2.947,67.59,92,2,3.65,clear sky
306,Alakurtti,RU,2021-07-09 21:47:23,66.9672,30.3491,54.63,88,23,3.2,few clouds
307,Zhanakorgan,KZ,2021-07-09 21:47:23,43.9098,67.2495,71.69,34,25,8.99,scattered clouds
308,Walvis Bay,NA,2021-07-09 21:47:23,-22.9575,14.5053,54.09,81,1,3.44,clear sky
309,Adjumani,UG,2021-07-09 21:47:24,3.3779,31.7909,66.7,89,67,3.0,light rain
310,Puerto Carreno,CO,2021-07-09 21:47:24,6.189,-67.4859,79.97,81,99,3.11,heavy intensity rain
311,Klaksvik,FO,2021-07-09 21:47:25,62.2266,-6.589,52.72,76,100,6.76,overcast clouds
312,Dingle,PH,2021-07-09 21:47:25,10.9995,122.6711,76.64,90,100,4.83,moderate rain
313,Comodoro Rivadavia,AR,2021-07-09 21:43:15,-45.8667,-67.5,49.86,43,0,20.71,clear sky
314,Ulladulla,AU,2021-07-09 21:47:25,-35.35,150.4667,53.1,92,100,15.05,light rain
315,Douglas,US,2021-07-09 21:47:26,41.3,-96.167,95.95,56,40,1.01,scattered clouds
316,Solnechnyy,RU,2021-07-09 21:47:26,50.7214,136.6319,68.54,87,25,4.07,scattered clouds
317,Faya,SA,2021-07-09 21:47:26,18.3851,42.4509,75.72,21,100,2.84,overcast clouds
318,Airai,TL,2021-07-09 21:47:27,-8.9266,125.4092,56.14,82,74,3.51,broken clouds
319,Mahon,ES,2021-07-09 21:43:29,39.8885,4.2658,72.16,68,0,2.3,clear sky
320,Fairbanks,US,2021-07-09 21:43:21,64.8378,-147.7164,70.61,47,1,1.99,clear sky
321,Batagay-Alyta,RU,2021-07-09 21:47:27,67.8006,130.4114,40.48,75,99,10.36,overcast clouds
322,Samarai,PG,2021-07-09 21:47:27,-10.6167,150.6667,79.88,84,96,9.73,overcast clouds
323,Vila,PT,2021-07-09 21:47:28,42.0304,-8.1588,58.08,74,0,4.29,clear sky
324,Guerrero Negro,MX,2021-07-09 21:47:28,27.9769,-114.0611,80.49,50,3,15.01,clear sky
325,Cilegon,ID,2021-07-09 21:47:29,-6.0174,106.0538,78.69,83,81,6.24,broken clouds
326,Beidao,CN,2021-07-09 21:47:29,34.5686,105.8933,70.81,81,100,2.59,light rain
327,Sekudai,MY,2021-07-09 21:47:29,1.5333,103.6667,78.89,100,20,0.0,mist
328,Prudnik,PL,2021-07-09 21:47:30,50.3212,17.5746,65.75,82,21,5.73,few clouds
329,Sorong,ID,2021-07-09 21:47:01,-0.8833,131.25,76.55,86,97,6.82,overcast clouds
330,Santona,ES,2021-07-09 21:47:30,43.4439,-3.4576,65.21,87,3,1.72,clear sky
331,Cuenca,EC,2021-07-09 21:47:30,-2.8833,-78.9833,62.73,72,75,11.5,broken clouds
332,Dehloran,IR,2021-07-09 21:47:31,32.6941,47.2679,99.27,8,0,6.89,clear sky
333,Luganville,VU,2021-07-09 21:47:31,-15.5333,167.1667,78.49,78,63,13.73,broken clouds
334,Methven,NZ,2021-07-09 21:47:31,-43.6333,171.65,40.01,78,23,3.83,few clouds
335,Guadalupe Y Calvo,MX,2021-07-09 21:47:32,26.1,-106.9667,66.45,59,93,1.43,overcast clouds
336,Broken Hill,AU,2021-07-09 21:47:32,-31.95,141.4333,40.71,93,0,3.44,clear sky
337,Chara,RU,2021-07-09 21:47:32,56.9064,118.2631,49.32,88,100,6.22,moderate rain
338,Damghan,IR,2021-07-09 21:47:33,36.1683,54.348,72.5,56,1,7.74,clear sky
339,Pangai,TO,2021-07-09 21:47:33,-19.8,-174.35,73.51,73,75,11.5,broken clouds
340,Muravlenko,RU,2021-07-09 21:47:33,63.7898,74.523,63.01,74,100,12.97,overcast clouds
341,Naze,JP,2021-07-09 21:47:34,28.3667,129.4833,77.92,84,32,6.2,scattered clouds
342,Valparaiso,CL,2021-07-09 21:47:34,-33.0393,-71.6273,65.84,73,75,18.41,broken clouds
343,Saint-Augustin,CA,2021-07-09 21:47:34,51.226,-58.6502,47.5,95,100,12.48,overcast clouds
344,Ilulissat,GL,2021-07-09 21:47:35,69.2167,-51.1,46.42,49,0,4.61,clear sky
345,Jiangyou,CN,2021-07-09 21:47:35,31.7667,104.7167,72.23,96,100,3.24,light rain
346,Talcher,IN,2021-07-09 21:47:35,20.95,85.2167,81.25,78,99,1.48,overcast clouds
347,Madingou,CG,2021-07-09 21:47:36,-4.1536,13.55,76.42,62,67,5.23,broken clouds
348,Empalme,MX,2021-07-09 21:47:36,27.9667,-110.8167,103.21,58,9,11.5,clear sky
349,Bontang,ID,2021-07-09 21:47:36,0.1333,117.5,73.67,90,100,3.78,overcast clouds
350,Belmonte,BR,2021-07-09 21:47:37,-15.8631,-38.8828,72.1,71,4,8.08,clear sky
351,Bibbiena,IT,2021-07-09 21:47:37,43.6965,11.8135,68.25,51,16,2.3,few clouds
352,Verishen,AM,2021-07-09 21:47:37,39.5356,46.3122,50.49,88,67,1.92,broken clouds
353,Nikolskoye,RU,2021-07-09 21:47:38,59.7035,30.7861,71.02,86,4,2.98,clear sky
354,Lydenburg,ZA,2021-07-09 21:47:38,-25.0978,30.4597,46.27,89,0,2.53,clear sky
355,Faanui,PF,2021-07-09 21:47:38,-16.4833,-151.75,79.59,74,11,16.73,few clouds
356,Bathsheba,BB,2021-07-09 21:47:39,13.2167,-59.5167,83.01,78,40,18.41,scattered clouds
357,Kibala,TD,2021-07-09 21:47:39,9.1104,18.3463,76.95,88,0,0.0,clear sky
358,Pringsewu,ID,2021-07-09 21:46:23,-5.3582,104.9744,72.64,97,92,0.22,overcast clouds
359,Namatanai,PG,2021-07-09 21:47:39,-3.6667,152.4333,81.18,77,43,4.94,scattered clouds
360,Santa Helena,BR,2021-07-09 21:47:40,-2.2311,-45.3,74.5,93,84,3.13,light rain
361,Savannah Bight,HN,2021-07-09 21:47:40,16.45,-85.85,91.45,84,67,25.41,broken clouds
362,Narimanov,RU,2021-07-09 21:47:40,46.6927,47.8498,71.51,31,6,7.49,clear sky
363,Quatre Cocos,MU,2021-07-09 21:47:41,-20.2078,57.7625,72.09,69,85,22.64,overcast clouds
364,Clinton,US,2021-07-09 21:47:41,42.587,-82.9199,78.82,53,20,1.99,few clouds
365,Puerto Colombia,CO,2021-07-09 21:43:26,10.9878,-74.9547,84.29,77,100,22.35,overcast clouds
366,Popondetta,PG,2021-07-09 21:47:41,-8.7537,148.2534,77.29,81,100,2.04,overcast clouds
367,Hasaki,JP,2021-07-09 21:47:42,35.7333,140.8333,75.6,92,100,4.81,overcast clouds
368,Morada Nova,BR,2021-07-09 21:47:42,-5.1067,-38.3725,80.71,62,99,8.72,overcast clouds
369,Sao Filipe,CV,2021-07-09 21:47:42,14.8961,-24.4956,75.51,77,0,9.1,clear sky
370,Waipawa,NZ,2021-07-09 21:47:43,-41.4122,175.5153,43.43,89,100,4.43,overcast clouds
371,Franca,BR,2021-07-09 21:47:43,-20.5386,-47.4008,61.0,35,0,3.31,clear sky
372,Sestri Levante,IT,2021-07-09 21:47:43,44.2732,9.3968,71.64,86,1,1.99,clear sky
373,Goderich,CA,2021-07-09 21:43:02,43.7501,-81.7165,64.9,82,41,13.8,scattered clouds
374,Natal,BR,2021-07-09 21:44:19,-5.795,-35.2094,79.45,78,20,9.22,few clouds
375,Roura,GF,2021-07-09 21:47:44,4.7263,-52.3274,82.31,78,0,4.61,clear sky
376,Lake Havasu City,US,2021-07-09 21:47:44,34.4839,-114.3224,119.25,16,5,4.0,clear sky
377,Santa Maria,BR,2021-07-09 21:47:45,-29.6842,-53.8069,60.1,88,0,3.44,clear sky
378,Buala,SB,2021-07-09 21:47:45,-8.145,159.5921,82.72,76,33,7.99,light rain
379,Lalibela,ET,2021-07-09 21:47:45,12.0333,39.0333,59.88,81,75,1.77,light rain
380,Moose Factory,CA,2021-07-09 21:47:46,51.2585,-80.6094,73.4,46,40,8.05,scattered clouds
381,Camacha,PT,2021-07-09 21:47:46,33.0833,-16.3333,66.96,73,40,19.57,scattered clouds
382,Ust-Kut,RU,2021-07-09 21:47:46,56.7938,105.7672,58.64,63,97,0.85,overcast clouds
383,Huarmey,PE,2021-07-09 21:47:46,-10.0681,-78.1522,67.93,73,3,10.78,clear sky
384,Merauke,ID,2021-07-09 21:43:28,-8.4667,140.3333,77.31,88,78,11.21,broken clouds
385,Hay River,CA,2021-07-09 21:47:47,60.8156,-115.7999,87.78,30,75,6.91,broken clouds
386,Bumba,CD,2021-07-09 21:47:47,2.1833,22.4667,73.71,88,98,3.06,light rain
387,Sidi Ali,DZ,2021-07-09 21:47:47,36.0998,0.4206,75.16,74,28,1.74,scattered clouds
388,Necochea,AR,2021-07-09 21:47:48,-38.5473,-58.7368,61.03,95,100,8.12,moderate rain
389,College,US,2021-07-09 21:47:48,64.8569,-147.8028,69.01,47,40,6.91,scattered clouds
390,Koidu,SL,2021-07-09 21:47:48,8.4167,-10.8333,71.11,100,34,2.33,scattered clouds
391,Palauig,PH,2021-07-09 21:47:49,15.435,119.9045,81.37,72,46,4.09,scattered clouds
392,Alofi,NU,2021-07-09 21:47:49,-19.0595,-169.9187,73.29,100,91,11.5,light rain
393,Yulara,AU,2021-07-09 21:47:50,-25.2406,130.9889,49.84,43,86,6.91,overcast clouds
394,North Bend,US,2021-07-09 21:47:50,43.4065,-124.2243,67.15,82,75,26.46,mist
395,Hovd,MN,2021-07-09 21:47:50,48.0056,91.6419,65.1,59,100,2.08,moderate rain
396,Zhezkazgan,KZ,2021-07-09 21:47:51,47.8043,67.7144,69.33,41,56,5.82,broken clouds
397,Wewak,PG,2021-07-09 21:47:51,-3.5534,143.6268,77.86,88,42,6.82,scattered clouds
398,Tsumeb,NA,2021-07-09 21:47:51,-19.2333,17.7167,45.95,27,0,8.01,clear sky
399,Severo-Kurilsk,RU,2021-07-09 21:47:52,50.6789,156.125,51.98,77,29,13.6,scattered clouds
400,Kununurra,AU,2021-07-09 21:44:08,-15.7667,128.7333,60.78,88,45,0.0,scattered clouds
401,Gao,ML,2021-07-09 21:47:12,16.6362,1.637,85.69,43,86,7.02,overcast clouds
402,Severobaykalsk,RU,2021-07-09 21:47:52,55.65,109.3167,48.83,81,73,0.81,broken clouds
403,Tahta,EG,2021-07-09 21:47:52,26.7693,31.5021,88.12,25,0,6.38,clear sky
404,Praia Da Vitoria,PT,2021-07-09 21:47:53,38.7333,-27.0667,72.75,88,75,14.18,broken clouds
405,Shenjiamen,CN,2021-07-09 21:47:53,29.9576,122.298,78.17,89,100,17.85,moderate rain
406,Banyo,CM,2021-07-09 21:47:53,6.75,11.8167,63.28,96,96,1.86,overcast clouds
407,Hambantota,LK,2021-07-09 21:47:54,6.1241,81.1185,75.54,100,75,13.8,broken clouds
408,Beira,MZ,2021-07-09 21:47:54,-19.8436,34.8389,66.29,93,20,8.01,few clouds
409,Safaga,EG,2021-07-09 21:47:54,26.7292,33.9365,91.35,41,0,5.93,clear sky
410,Dong Hoi,VN,2021-07-09 21:47:55,17.4833,106.6,80.74,85,62,10.49,broken clouds
411,Scottsbluff,US,2021-07-09 21:46:22,41.8666,-103.6672,92.52,42,1,9.22,clear sky
412,Barreirinha,BR,2021-07-09 21:47:55,-2.7933,-57.07,79.95,76,100,2.37,overcast clouds
413,Las Rosas,AR,2021-07-09 21:47:56,-32.4766,-61.5804,71.76,58,0,7.23,clear sky
414,Den Helder,NL,2021-07-09 21:47:56,52.9599,4.7593,62.02,88,75,1.01,broken clouds
415,Severodvinsk,RU,2021-07-09 21:47:56,64.5635,39.8302,55.51,89,2,6.11,clear sky
416,Warrnambool,AU,2021-07-09 21:47:57,-38.3833,142.4833,34.81,76,0,5.19,clear sky
417,Katsuura,JP,2021-07-09 21:47:57,35.1333,140.3,80.11,90,97,16.42,overcast clouds
418,Tura,IN,2021-07-09 21:47:57,25.5198,90.2201,74.89,98,100,3.85,overcast clouds
419,Urucui,BR,2021-07-09 21:47:58,-7.2294,-44.5561,82.26,37,24,3.91,few clouds
420,Terrace,CA,2021-07-09 21:47:58,54.5163,-128.6035,78.71,47,75,6.91,broken clouds
421,Oistins,BB,2021-07-09 21:47:58,13.0667,-59.5333,82.49,78,40,18.41,scattered clouds
422,Tabou,CI,2021-07-09 21:47:58,4.423,-7.3528,77.68,78,91,10.71,overcast clouds
423,Kouroussa,GN,2021-07-09 21:47:59,10.65,-9.8833,75.47,85,71,7.76,light rain
424,Arkhangelsk,RU,2021-07-09 21:47:59,64.5401,40.5433,55.51,94,20,2.24,few clouds
425,Sakaraha,MG,2021-07-09 21:47:59,-22.9,44.5333,61.12,76,2,1.81,clear sky
426,Alta Floresta,BR,2021-07-09 21:48:00,-9.8756,-56.0861,79.99,34,97,3.0,overcast clouds
427,Port Hardy,CA,2021-07-09 21:46:37,50.6996,-127.4199,59.18,82,20,8.05,few clouds
428,Kisangani,CD,2021-07-09 21:48:00,0.5167,25.2,74.01,78,73,2.21,broken clouds
429,Atambua,ID,2021-07-09 21:48:00,-9.1061,124.8925,68.63,87,76,5.26,broken clouds
430,Altay,CN,2021-07-09 21:48:01,47.8667,88.1167,62.33,72,17,2.86,few clouds
431,Lashio,MM,2021-07-09 21:48:01,22.9333,97.75,67.46,99,96,1.77,overcast clouds
432,Noumea,NC,2021-07-09 21:48:01,-22.2763,166.4572,68.0,99,57,3.87,broken clouds
433,Yairipok,IN,2021-07-09 21:48:02,24.6667,94.0667,70.39,97,100,1.45,heavy intensity rain
434,Tual,ID,2021-07-09 21:48:02,-5.6667,132.75,80.94,80,73,22.64,broken clouds
435,Iglesias,IT,2021-07-09 21:48:02,39.3114,8.535,71.74,74,0,5.44,clear sky
436,Iqaluit,CA,2021-07-09 21:48:03,63.7506,-68.5145,40.73,100,90,0.0,light rain
437,Magadan,RU,2021-07-09 21:48:03,59.5667,150.8,51.91,87,68,5.28,broken clouds
438,Virtsu,EE,2021-07-09 21:48:04,58.5716,23.5115,76.98,85,29,11.32,scattered clouds
439,Jiuquan,CN,2021-07-09 21:48:04,39.7432,98.5174,69.48,56,100,4.59,overcast clouds
440,Andapa,MG,2021-07-09 21:48:04,-14.65,49.65,59.68,98,26,2.71,scattered clouds
441,Rocha,UY,2021-07-09 21:48:05,-34.4833,-54.3333,57.36,91,1,7.52,clear sky
442,Rio Grande,BR,2021-07-09 21:47:42,-32.035,-52.0986,57.94,99,45,7.96,scattered clouds
443,Warsaw,PL,2021-07-09 21:46:44,52.2298,21.0118,68.83,94,0,57.0,clear sky
444,Chase,CA,2021-07-09 21:46:22,50.8165,-119.6857,94.19,30,2,1.34,clear sky
445,Onega,RU,2021-07-09 21:48:05,63.9061,38.1404,58.05,83,19,4.56,few clouds
446,Sorland,NO,2021-07-09 21:48:06,67.667,12.6934,55.11,87,0,8.05,clear sky
447,Batemans Bay,AU,2021-07-09 21:48:07,-35.7167,150.1833,52.92,91,100,8.34,light rain
448,Mahebourg,MU,2021-07-09 21:48:07,-20.4081,57.7,72.25,68,40,16.11,scattered clouds
449,Port Macquarie,AU,2021-07-09 21:46:34,-31.4333,152.9167,57.38,61,9,22.32,clear sky
450,Half Moon Bay,US,2021-07-09 21:48:08,37.4636,-122.4286,107.74,55,1,13.8,clear sky
451,Santa Cruz,BO,2021-07-09 21:43:46,-17.8,-63.1667,83.66,57,75,12.66,broken clouds
452,Bijie,CN,2021-07-09 21:48:08,27.3125,105.2942,63.52,95,100,7.7,overcast clouds
453,Peno,RU,2021-07-09 21:48:08,56.9262,32.7426,67.66,76,46,3.36,scattered clouds
454,Lorengau,PG,2021-07-09 21:48:09,-2.0226,147.2712,81.81,79,43,7.92,scattered clouds
455,Barmer,IN,2021-07-09 21:48:09,25.75,71.3833,83.98,65,47,13.98,scattered clouds
456,Boffa,GN,2021-07-09 21:48:09,10.1667,-14.0333,76.84,91,58,5.57,light rain
457,Prince George,CA,2021-07-09 21:45:12,53.9166,-122.753,82.26,39,1,5.75,clear sky
458,Bagdarin,RU,2021-07-09 21:48:10,54.4333,113.6,48.9,79,7,4.65,clear sky
459,Kolyvan,RU,2021-07-09 21:48:10,55.3053,82.7391,56.05,92,32,4.25,scattered clouds
460,Santa Vitoria Do Palmar,BR,2021-07-09 21:48:11,-33.5189,-53.3681,58.17,95,1,7.05,clear sky
461,Henties Bay,NA,2021-07-09 21:48:11,-22.116,14.2845,53.85,90,4,6.91,clear sky
462,Roald,NO,2021-07-09 21:48:11,62.5833,6.1333,64.17,94,20,2.3,few clouds
463,Vostok,RU,2021-07-09 21:48:11,46.4856,135.8833,63.05,96,100,2.08,overcast clouds
464,Malakal,SS,2021-07-09 21:48:12,9.5334,31.6605,75.13,77,60,3.74,broken clouds
465,Salalah,OM,2021-07-09 21:44:57,17.0151,54.0924,80.69,89,90,6.91,light intensity drizzle
466,Tigil,RU,2021-07-09 21:48:12,57.8,158.6667,60.69,51,100,7.07,overcast clouds
467,Floro,NO,2021-07-09 21:48:13,61.5996,5.0328,64.24,94,90,4.61,light intensity shower rain
468,Biak,ID,2021-07-09 21:48:13,-0.9131,122.8766,73.9,88,100,4.85,overcast clouds
469,Saint Anthony,US,2021-07-09 21:48:13,45.0205,-93.218,81.09,63,20,4.0,few clouds
470,Chapleau,CA,2021-07-09 21:48:13,47.8405,-83.4034,77.09,29,75,4.61,broken clouds
471,Morganton,US,2021-07-09 21:45:32,35.7454,-81.6848,87.96,66,90,3.0,overcast clouds
472,Olinda,BR,2021-07-09 21:48:14,-8.0089,-34.8553,76.73,78,20,9.22,few clouds
473,Champerico,GT,2021-07-09 21:48:14,14.3,-91.9167,91.94,71,83,5.77,broken clouds
474,Veraval,IN,2021-07-09 21:48:15,20.9,70.3667,83.53,78,91,14.0,overcast clouds
475,Nome,US,2021-07-09 21:48:15,64.5011,-165.4064,55.47,62,75,13.8,broken clouds
476,Conceicao Do Araguaia,BR,2021-07-09 21:48:16,-8.2578,-49.2647,87.93,37,0,0.96,clear sky
477,Tuntum,BR,2021-07-09 21:48:16,-5.2581,-44.6489,80.58,49,100,4.07,overcast clouds
478,Sola,VU,2021-07-09 21:48:16,-13.8833,167.55,81.27,74,40,11.5,scattered clouds
479,Shorewood,US,2021-07-09 21:48:11,41.52,-88.2017,79.65,51,40,3.44,scattered clouds
480,Ozinki,RU,2021-07-09 21:48:17,51.1786,49.6769,70.63,58,8,8.57,clear sky
481,Monte Escobedo,MX,2021-07-09 21:48:18,22.3,-103.5833,67.78,56,91,3.62,overcast clouds
482,Myitkyina,MM,2021-07-09 21:48:18,25.3833,97.4,75.81,99,100,0.65,overcast clouds
483,Zehdenick,DE,2021-07-09 21:48:18,52.9785,13.3317,62.06,95,100,12.3,overcast clouds
484,La Ronge,CA,2021-07-09 21:48:18,55.1001,-105.2842,91.65,24,40,5.75,smoke
485,Westport,US,2021-07-09 21:48:19,41.1415,-73.3579,86.61,73,40,5.01,scattered clouds
486,Constanza,DE,2021-07-09 21:48:19,47.6603,9.1758,61.68,88,1,0.51,clear sky
487,San Clemente,US,2021-07-09 21:48:20,33.427,-117.612,105.26,69,27,3.0,scattered clouds
488,Zhireken,RU,2021-07-09 21:48:20,52.8249,117.3076,60.04,99,100,3.38,light rain
489,Verkhnevilyuysk,RU,2021-07-09 21:48:20,63.4453,120.3167,50.86,69,100,8.5,overcast clouds
490,Vila Velha,BR,2021-07-09 21:46:09,-20.3297,-40.2925,75.96,68,40,11.5,scattered clouds
491,Kongolo,CD,2021-07-09 21:48:21,-5.3833,27.0,73.56,41,0,2.62,clear sky
492,Sembe,CG,2021-07-09 21:48:21,1.6481,14.5806,76.73,67,96,1.19,overcast clouds
493,Sinnamary,GF,2021-07-09 21:48:21,5.3833,-52.95,78.58,86,100,8.05,overcast clouds
494,Yumen,CN,2021-07-09 21:48:22,40.2833,97.2,63.12,81,100,14.0,overcast clouds
495,Mount Isa,AU,2021-07-09 21:48:22,-20.7333,139.5,38.97,70,0,3.44,clear sky
496,Richards Bay,ZA,2021-07-09 21:48:22,-28.783,32.0377,64.87,62,99,2.71,overcast clouds
497,Manjacaze,MZ,2021-07-09 21:48:22,-24.7117,33.8828,61.75,94,0,4.32,clear sky
498,Killybegs,IE,2021-07-09 21:48:23,54.6333,-8.45,61.45,89,84,4.47,broken clouds
499,Brokopondo,SR,2021-07-09 21:48:23,4.75,-55.1667,79.23,83,62,8.59,broken clouds
500,Wasilla,US,2021-07-09 21:48:23,61.5814,-149.4394,62.06,58,90,0.0,light rain
501,Independencia,BR,2021-07-09 21:48:24,-5.3964,-40.3086,80.78,45,70,7.18,broken clouds
502,Chulym,RU,2021-07-09 21:48:24,55.0997,80.9572,55.62,93,4,5.19,clear sky
503,Anaconda,US,2021-07-09 21:48:24,46.1285,-112.9423,81.59,16,21,12.5,few clouds
504,Garissa,KE,2021-07-09 21:48:25,-0.4536,39.6401,73.18,70,54,18.79,broken clouds
505,Ada,US,2021-07-09 21:48:25,43.4166,-116.1262,94.32,10,1,11.01,clear sky
506,Puri,IN,2021-07-09 21:48:25,19.8,85.85,84.38,78,100,6.96,overcast clouds
507,Vega De Alatorre,MX,2021-07-09 21:48:26,20.0333,-96.6333,85.86,75,98,12.41,overcast clouds
508,Krasnoturansk,RU,2021-07-09 21:48:26,54.3186,91.5639,52.59,77,100,2.37,overcast clouds
509,Mehamn,NO,2021-07-09 21:48:26,71.0357,27.8492,55.35,82,75,11.5,broken clouds
510,Ngunguru,NZ,2021-07-09 21:48:27,-35.6167,174.5,52.16,70,91,7.49,overcast clouds
511,Tambopata,PE,2021-07-09 21:48:27,-12.7333,-69.1833,76.89,94,75,6.91,broken clouds
512,Alexandria,EG,2021-07-09 21:48:27,31.2156,29.9553,78.76,83,40,9.22,scattered clouds
513,Tocopilla,CL,2021-07-09 21:48:28,-22.092,-70.1979,63.7,71,57,8.93,broken clouds
514,Ungheni,MD,2021-07-09 21:48:28,47.2042,27.7958,70.83,69,0,6.91,clear sky
515,Road Town,VG,2021-07-09 21:45:58,18.4167,-64.6167,84.24,70,20,13.8,few clouds
516,Srednekolymsk,RU,2021-07-09 21:48:29,67.45,153.6833,85.86,36,0,16.87,clear sky
517,Port Shepstone,ZA,2021-07-09 21:48:29,-30.7414,30.455,59.92,62,61,6.42,broken clouds
518,Quebo,GW,2021-07-09 21:48:29,11.3333,-14.9333,77.67,86,29,3.8,scattered clouds
519,Severnoye,RU,2021-07-09 21:48:30,56.3491,78.3619,54.41,81,1,4.76,clear sky
520,Ternate,ID,2021-07-09 21:48:30,0.8,127.4,79.99,80,100,2.15,overcast clouds
521,Farmington,US,2021-07-09 21:48:30,36.7281,-108.2187,102.88,13,1,4.61,clear sky
522,Ayan,RU,2021-07-09 21:48:30,56.45,138.1667,54.39,94,100,6.08,overcast clouds
523,Polaniec,PL,2021-07-09 21:48:31,50.4332,21.2812,72.05,94,96,3.58,overcast clouds
524,Zhigansk,RU,2021-07-09 21:48:31,66.7697,123.3711,47.28,70,57,10.78,broken clouds
525,Acapulco,MX,2021-07-09 21:48:31,16.8634,-99.8901,87.62,70,75,6.91,broken clouds
526,Bud,US,2021-07-09 21:48:32,39.447,-86.1758,74.68,73,92,6.15,overcast clouds
527,Saint-Joseph,RE,2021-07-09 21:48:32,-21.3667,55.6167,70.18,76,42,16.67,scattered clouds
528,The Valley,AI,2021-07-09 21:48:32,18.217,-63.0578,84.06,74,20,17.27,few clouds
529,Civitavecchia,IT,2021-07-09 21:48:33,42.0933,11.7967,77.83,62,1,5.95,clear sky
530,Raahe,FI,2021-07-09 21:48:33,64.6833,24.4833,62.69,71,46,5.23,scattered clouds
531,Stephenville,US,2021-07-09 21:48:33,32.2207,-98.2023,81.93,85,90,10.36,overcast clouds
532,Ilhabela,BR,2021-07-09 21:48:34,-23.7781,-45.3581,64.67,88,11,3.85,few clouds
533,Rockland,US,2021-07-09 21:48:34,41.1668,-74.0496,86.29,69,67,1.01,broken clouds
534,Haimen,CN,2021-07-09 21:48:34,23.1935,116.6142,76.89,84,68,1.39,broken clouds
535,Tavda,RU,2021-07-09 21:48:35,58.0425,65.2726,62.46,68,69,6.06,broken clouds
536,Aguimes,ES,2021-07-09 21:48:35,27.9054,-15.4461,67.86,71,40,21.85,scattered clouds
537,Ust-Nera,RU,2021-07-09 21:48:35,64.5667,143.2,74.37,47,1,8.03,clear sky
538,Stornoway,GB,2021-07-09 21:48:36,58.2093,-6.3865,57.16,82,75,10.36,broken clouds
539,Neiafu,TO,2021-07-09 21:48:36,-18.65,-173.9833,74.08,94,75,2.3,broken clouds
540,Bokoro,TD,2021-07-09 21:48:36,12.3807,17.0568,83.86,54,24,6.44,light rain
541,Oriximina,BR,2021-07-09 21:48:37,-1.7656,-55.8661,79.77,77,88,3.27,overcast clouds
542,Muros,ES,2021-07-09 21:48:37,42.7762,-9.0603,68.23,76,0,7.18,clear sky
543,Ustek,CZ,2021-07-09 21:48:37,50.5847,14.3433,61.75,89,100,10.07,overcast clouds
544,Halifax,CA,2021-07-09 21:47:08,44.6453,-63.5724,70.41,94,100,5.01,overcast clouds
545,Asau,RO,2021-07-09 21:48:38,46.4333,26.4,65.39,97,0,2.71,clear sky
546,Novichikha,RU,2021-07-09 21:48:38,52.204,81.3877,55.49,84,89,6.69,overcast clouds
547,Lavrentiya,RU,2021-07-09 21:48:38,65.5833,-171.0,46.27,63,37,6.31,scattered clouds
548,Alugan,PH,2021-07-09 21:48:39,12.2188,125.4808,81.73,80,94,6.69,overcast clouds
549,Assiniboia,CA,2021-07-09 21:43:52,49.6334,-105.9845,80.42,34,97,3.44,overcast clouds
550,Kropotkin,RU,2021-07-09 21:48:39,45.4375,40.5756,69.8,59,49,2.35,scattered clouds
551,Timmins,CA,2021-07-09 21:47:16,48.4669,-81.3331,78.62,27,75,8.05,broken clouds
552,Mogok,MM,2021-07-09 21:48:40,22.9167,96.5,65.41,97,100,2.33,overcast clouds
553,Luwuk,ID,2021-07-09 21:48:40,-0.9516,122.7875,75.34,89,100,3.94,overcast clouds
554,Whyalla,AU,2021-07-09 21:48:40,-33.0333,137.5833,37.29,93,71,4.61,broken clouds
555,Meybod,IR,2021-07-09 21:48:41,32.2501,54.0166,96.82,15,0,0.85,clear sky
556,Manokwari,ID,2021-07-09 21:48:41,-0.8667,134.0833,79.52,78,95,6.04,overcast clouds
557,Yabrud,SY,2021-07-09 21:48:41,33.9674,36.6574,64.53,48,0,1.1,clear sky
558,Alibag,IN,2021-07-09 21:48:42,18.6411,72.8792,78.87,77,86,6.67,overcast clouds
559,Waitati,NZ,2021-07-09 21:48:42,-45.75,170.5667,42.8,58,71,15.23,broken clouds
560,Dinhata,IN,2021-07-09 21:48:42,26.1333,89.4667,81.88,85,100,3.31,overcast clouds
561,Djibo,BF,2021-07-09 21:48:43,14.1022,-1.6306,83.86,57,96,15.1,overcast clouds
562,Sarkand,KZ,2021-07-09 21:48:43,45.41,79.9186,79.65,24,77,8.61,broken clouds
563,Ciamis,ID,2021-07-09 21:48:43,-7.3257,108.3534,72.14,98,73,1.39,broken clouds
564,Tsabong,BW,2021-07-09 21:48:44,-26.0217,22.401,52.77,44,0,7.18,clear sky
565,Beyneu,KZ,2021-07-09 21:48:44,45.3167,55.2,72.14,42,36,18.43,scattered clouds
566,Port Hedland,AU,2021-07-09 21:48:44,-20.3167,118.5667,57.25,72,5,10.36,clear sky
567,Vao,NC,2021-07-09 21:48:44,-22.6667,167.4833,70.23,65,74,13.71,broken clouds
568,Saint-Dizier,FR,2021-07-09 21:48:45,48.4167,5.0833,60.85,88,63,1.34,broken clouds
569,Jiblah,YE,2021-07-09 21:48:45,13.9216,44.1467,70.68,54,100,5.77,overcast clouds
570,Shirokiy,RU,2021-07-09 21:48:46,49.758,129.523,66.56,95,95,9.86,overcast clouds
571,Luebo,CD,2021-07-09 21:48:46,-5.35,21.4167,69.93,39,0,1.88,clear sky
572,Santa Rosa,PH,2021-07-09 21:45:37,14.3122,121.1114,82.38,77,50,6.31,scattered clouds
573,La Palma,US,2021-07-09 21:48:46,33.8464,-118.0467,110.05,46,20,7.0,few clouds
574,Tarakan,ID,2021-07-09 21:48:47,3.3,117.6333,78.3,89,20,3.44,few clouds
575,Kangaatsiaq,GL,2021-07-09 21:48:47,68.3065,-53.4641,40.44,76,6,10.58,clear sky
576,Strezhevoy,RU,2021-07-09 21:48:47,60.7333,77.5889,62.58,65,2,7.54,clear sky
577,Grindavik,IS,2021-07-09 21:48:48,63.8424,-22.4338,55.56,100,90,19.57,light intensity drizzle
578,Uralets,RU,2021-07-09 21:48:48,57.6614,59.6497,61.66,68,64,3.71,broken clouds
579,Arkhipo-Osipovka,RU,2021-07-09 21:48:48,44.37,38.52,73.17,66,0,5.79,clear sky
580,Mandal,IN,2021-07-09 21:48:48,25.45,74.5667,82.72,66,92,9.1,overcast clouds
581,Torbay,CA,2021-07-09 21:48:49,47.6666,-52.7314,61.29,84,90,20.71,overcast clouds
582,Fortuna,US,2021-07-09 21:48:49,40.5982,-124.1573,68.86,83,40,12.66,scattered clouds
583,Grand Haven,US,2021-07-09 21:44:35,43.0631,-86.2284,79.16,57,40,1.01,scattered clouds
584,Namtsy,RU,2021-07-09 21:48:49,62.7161,129.6658,62.71,71,100,10.74,light rain
585,Monte Alegre,BR,2021-07-09 21:48:50,-2.0078,-54.0692,81.0,70,66,3.0,broken clouds
586,Yate,GB,2021-07-09 21:48:50,51.5407,-2.4184,60.84,79,96,1.01,overcast clouds
587,Adrar,MR,2021-07-09 21:48:50,20.5022,-10.0711,90.57,17,6,14.54,clear sky
588,Changde,CN,2021-07-09 21:48:51,29.0464,111.6783,78.26,84,99,6.53,light rain
589,Nishihara,JP,2021-07-09 21:48:51,26.1842,127.7558,81.68,89,20,5.75,few clouds
590,Sao Gabriel Da Cachoeira,BR,2021-07-09 21:48:51,-0.1303,-67.0892,77.4,92,70,2.21,broken clouds
591,Saint George,US,2021-07-09 21:48:52,37.1041,-113.5841,115.79,12,1,1.01,clear sky
592,Tema,GH,2021-07-09 21:48:52,5.667,-0.0166,79.21,83,0,11.5,clear sky
593,Pacific Grove,US,2021-07-09 21:47:06,36.6177,-121.9166,103.6,78,1,5.99,clear sky
594,Chastyye,RU,2021-07-09 21:48:53,57.2888,54.9728,65.71,68,89,3.62,overcast clouds
595,Atchison,US,2021-07-09 21:48:53,39.563,-95.1216,95.07,61,0,14.97,clear sky
596,Kloulklubed,PW,2021-07-09 21:48:53,7.0419,134.2556,75.7,82,98,5.64,light rain
597,Tezu,IN,2021-07-09 21:48:53,27.9167,96.1667,78.22,82,100,3.27,overcast clouds
598,Teguldet,RU,2021-07-09 21:48:54,57.3064,88.1667,52.36,96,2,2.21,clear sky
599,Graciano Sanchez,MX,2021-07-09 21:48:54,23.9167,-99.2833,74.35,80,98,5.46,light rain
600,Qeshm,IR,2021-07-09 21:48:54,26.9581,56.2719,91.27,70,8,6.42,clear sky
601,Solwezi,ZM,2021-07-09 21:48:55,-12.1688,26.3894,52.45,48,0,3.56,clear sky
602,Hemnesberget,NO,2021-07-09 21:48:55,66.2333,13.6333,68.52,75,90,2.51,overcast clouds
603,Sarakhs,IR,2021-07-09 21:48:55,36.5449,61.1577,82.54,34,0,2.3,clear sky
604,Ritchie,ZA,2021-07-09 21:48:56,-29.038,24.6028,36.61,55,0,4.25,clear sky
605,Portland,US,2021-07-09 21:48:21,45.5234,-122.6762,90.45,44,61,3.0,broken clouds
606,Balikpapan,ID,2021-07-09 21:48:56,-1.2675,116.8289,73.11,93,98,2.39,overcast clouds
607,Cap Malheureux,MU,2021-07-09 21:48:56,-19.9842,57.6142,72.46,65,49,8.99,scattered clouds
608,Sandnessjoen,NO,2021-07-09 21:48:57,66.0217,12.6316,68.52,82,0,11.5,clear sky
609,Santa Marta,CO,2021-07-09 21:48:27,11.2408,-74.199,86.99,68,100,20.0,overcast clouds
610,Wyoming,US,2021-07-09 21:48:57,43.0002,-107.5009,92.82,10,0,18.14,clear sky
611,Ganzhou,CN,2021-07-09 21:48:58,28.8184,115.4327,79.61,86,99,5.48,overcast clouds
612,Amga,RU,2021-07-09 21:48:58,60.8953,131.9608,69.19,87,48,3.78,scattered clouds
613,Praia,CV,2021-07-09 21:48:58,14.9215,-23.5087,73.94,83,40,17.27,scattered clouds
614,Havelock,US,2021-07-09 21:48:59,34.8791,-76.9013,89.56,81,20,10.0,few clouds
615,Pedernales,DO,2021-07-09 21:48:59,18.0384,-71.744,88.3,54,75,15.99,broken clouds
616,Ormara,PK,2021-07-09 21:48:59,25.2088,64.6357,82.24,85,78,7.83,broken clouds
617,Havre-Saint-Pierre,CA,2021-07-09 21:49:00,50.2334,-63.5986,59.59,94,90,10.36,mist
618,Contratacion,CO,2021-07-09 21:49:00,6.2901,-73.4735,64.0,96,98,0.29,moderate rain
619,Sao Miguel Do Araguaia,BR,2021-07-09 21:49:00,-13.275,-50.1628,77.65,29,20,1.92,few clouds
620,Fare,PF,2021-07-09 21:49:01,-16.7,-151.0167,79.27,73,9,15.14,clear sky
621,Nemours,FR,2021-07-09 21:49:01,48.2751,2.6908,63.99,78,53,3.22,broken clouds
622,Gornopravdinsk,RU,2021-07-09 21:49:01,60.05,69.9,62.49,76,83,8.5,light rain
623,Show Low,US,2021-07-09 21:49:02,34.2542,-110.0298,99.3,27,1,8.05,clear sky
624,Ahuimanu,US,2021-07-09 21:49:02,21.4447,-157.8378,83.91,53,40,14.97,scattered clouds
625,Husavik,IS,2021-07-09 21:49:02,66.0449,-17.3389,57.11,86,73,5.23,broken clouds
626,Ironton,US,2021-07-09 21:49:03,38.5368,-82.6829,84.43,60,1,6.91,clear sky
627,Nemuro,JP,2021-07-09 21:49:03,43.3236,145.575,57.96,94,100,10.38,overcast clouds
628,Kuusamo,FI,2021-07-09 21:49:03,65.9667,29.1833,62.64,77,0,3.44,clear sky
629,Port Hawkesbury,CA,2021-07-09 21:49:04,45.6169,-61.3485,73.35,96,75,5.01,broken clouds
630,Urumqi,CN,2021-07-09 21:49:04,43.801,87.6005,77.95,34,0,4.47,clear sky
631,Durg,IN,2021-07-09 21:49:04,21.1833,81.2833,80.62,74,27,5.82,scattered clouds
632,Hit,IQ,2021-07-09 21:49:05,33.6416,42.8251,96.26,18,0,14.03,clear sky
633,Mahibadhoo,MV,2021-07-09 21:49:05,3.7833,72.9667,79.57,82,100,23.11,light rain
634,Kiruna,SE,2021-07-09 21:49:05,67.8557,20.2251,58.12,77,40,0.0,scattered clouds
635,Powell,US,2021-07-09 21:44:55,40.1578,-83.0752,75.94,70,40,4.0,scattered clouds
636,Portoferraio,IT,2021-07-09 21:49:06,42.8115,10.3146,73.17,65,1,18.34,clear sky
637,Itarema,BR,2021-07-09 21:49:06,-2.9248,-39.9167,79.95,74,49,15.86,scattered clouds
638,Chalus,IR,2021-07-09 21:49:06,36.655,51.4204,71.06,83,90,4.61,overcast clouds
639,Cayenne,GF,2021-07-09 21:46:13,4.9333,-52.3333,82.44,82,0,5.01,clear sky
640,Mogadishu,SO,2021-07-09 21:49:07,2.0371,45.3438,76.42,85,90,19.24,overcast clouds
641,Bari,IT,2021-07-09 21:49:07,41.1177,16.8512,80.26,69,0,3.0,clear sky
642,Iquique,CL,2021-07-09 21:49:07,-20.2208,-70.1431,60.84,76,19,4.72,few clouds
643,Moindou,NC,2021-07-09 21:49:08,-21.6924,165.677,62.55,68,37,5.28,scattered clouds
644,Prince Rupert,CA,2021-07-09 21:46:37,54.3161,-130.3201,62.69,79,75,9.22,broken clouds
645,Nyurba,RU,2021-07-09 21:49:08,63.2842,118.3319,51.31,65,56,7.34,broken clouds
646,Batagay,RU,2021-07-09 21:49:09,67.6333,134.6333,47.26,88,100,10.0,overcast clouds
647,Xingyi,CN,2021-07-09 21:49:09,24.1877,102.817,58.82,99,100,1.97,overcast clouds
648,Antalaha,MG,2021-07-09 21:49:09,-14.9003,50.2788,68.07,85,17,6.64,few clouds
649,Ames,US,2021-07-09 21:48:32,42.0347,-93.6199,81.95,82,90,8.05,overcast clouds
650,Vilyuysk,RU,2021-07-09 21:49:10,63.7553,121.6247,48.65,87,100,8.3,overcast clouds
651,Bongandanga,CD,2021-07-09 21:49:10,1.5,21.05,71.47,86,46,2.57,scattered clouds
652,Imbituba,BR,2021-07-09 21:49:10,-28.24,-48.6703,66.09,95,1,10.02,clear sky
653,Todos Santos,MX,2021-07-09 21:49:11,23.45,-110.2167,94.3,84,48,4.97,scattered clouds
654,Kuruman,ZA,2021-07-09 21:49:11,-27.4524,23.4325,45.99,49,0,3.62,clear sky
655,Wattegama,LK,2021-07-09 21:49:11,6.7989,81.4808,74.32,75,100,10.87,overcast clouds
656,Chabahar,IR,2021-07-09 21:49:12,25.2919,60.643,83.73,84,79,12.55,broken clouds
657,Tolaga Bay,NZ,2021-07-09 21:49:12,-38.3667,178.3,52.65,63,19,9.86,few clouds
658,Ocos,GT,2021-07-09 21:49:12,14.5094,-92.1933,91.9,72,73,6.06,broken clouds
659,Bac Lieu,VN,2021-07-09 21:49:13,9.285,105.7244,77.92,86,99,5.35,overcast clouds
660,Pandan,PH,2021-07-09 21:49:13,14.0453,124.1694,80.55,86,98,8.61,overcast clouds
661,Igdir,TR,2021-07-09 21:49:14,39.9237,44.045,71.53,73,65,1.83,broken clouds
662,Reconquista,AR,2021-07-09 21:49:14,-29.15,-59.65,68.81,59,0,8.5,clear sky
663,Vanavara,RU,2021-07-09 21:49:15,60.34,102.2797,53.02,85,97,2.68,overcast clouds
664,Santa Rosalia,MX,2021-07-09 21:49:15,27.3167,-112.2833,88.52,55,0,9.17,clear sky
665,Leticia,CO,2021-07-09 21:49:15,-4.2153,-69.9406,86.05,70,40,4.61,scattered clouds
666,Paka,MY,2021-07-09 21:49:15,4.6374,103.4368,73.33,100,98,0.0,overcast clouds
667,Kondinskoye,RU,2021-07-09 21:49:16,59.6481,67.41,66.51,61,99,11.34,overcast clouds
668,Nurota,UZ,2021-07-09 21:49:16,40.5614,65.6886,73.49,18,0,3.6,clear sky
669,Gizo,SB,2021-07-09 21:49:16,-8.103,156.8419,82.54,75,23,10.16,few clouds
670,Watrous,CA,2021-07-09 21:49:17,51.6668,-105.4679,85.78,26,51,3.44,broken clouds
671,Marsa Matruh,EG,2021-07-09 21:49:17,31.3525,27.2453,79.0,78,40,5.75,scattered clouds
672,Sile,TR,2021-07-09 21:49:17,41.1754,29.6133,74.57,78,0,5.01,clear sky
673,Parabel,RU,2021-07-09 21:49:18,58.6978,81.4825,51.57,72,1,3.11,clear sky
674,Roebourne,AU,2021-07-09 21:49:18,-20.7833,117.1333,63.41,56,3,8.32,clear sky
675,Kalianget,ID,2021-07-09 21:49:18,-7.05,113.9333,79.52,83,93,11.07,overcast clouds
676,Agua Prieta,MX,2021-07-09 21:48:19,31.3,-109.5667,102.31,16,40,2.84,scattered clouds
677,Stettler,CA,2021-07-09 21:49:19,52.3168,-112.7186,83.95,48,0,2.3,clear sky
678,Muli,MV,2021-07-09 21:49:19,2.9167,73.5667,80.2,81,100,19.6,overcast clouds
679,Kirovskiy,RU,2021-07-09 21:49:19,45.0917,133.5136,65.17,95,98,1.77,overcast clouds
